{
  "bounds": [
    [
      49.71375860767501,
      -7.537203589592314
    ],
    [
      59.17835312117063,
      2.4793437372112455
    ]
  ],
  "projection": "Web Mercator (EPSG:3857) \u2192 WGS84 bounds",
  "bng_extent": {
    "easting": [
      1000,
      656000
    ],
    "northing": [
      -6000,
      1041000
    ]
  }
}