{
  "bounds": [
    [
      49.766807235142615,
      -7.557159806905192
    ],
    [
      61.018407539428694,
      3.55511700533046
    ]
  ],
  "projection": "Web Mercator (EPSG:3857) \u2192 WGS84 bounds",
  "bng_extent": {
    "easting": [
      0,
      700000
    ],
    "northing": [
      0,
      1250000
    ]
  }
}